Code,Date Time,UNIX Time
2540199,2019/09/17 09:11:42,1568682702330
87020199,2019/09/17 09:11:24,1568682684820
13520199,2019/09/17 09:11:05,1568682665473
27110199,2019/09/17 09:11:02,1568682662560
51140169,2019/09/17 09:08:31,1568682511233
745100711,2019/09/13 10:59:05,1568343545659
174403010,2019/09/13 10:22:33,1568341353989
183203010,2019/09/13 10:22:14,1568341334370
956103010,2019/09/13 10:22:01,1568341321826
782402910,2019/09/13 10:21:53,1568341313074
710202910,2019/09/13 10:21:22,1568341282301
12102910,2019/09/13 10:21:05,1568341265663
267609,2019/09/10 13:19:19,1568092759162
